{
  "[null, null, null, 1.0, null, 0.0, null]": 1.2082999978592042,
  "[null, null, null, null, null, 6.0, 5.0]": 0.39551352599953365,
  "[null, null, null, null, null, 3.0, 0.0]": 0.3745638176143468,
  "[null, null, null, 3.0, null, 1.0, null]": 0.37334313000263947
}